Date,close
2019-09-08,10391.63
2019-09-09,10307.0
2019-09-10,10102.02
2019-09-11,10159.55
2019-09-12,10415.13
2019-09-13,10341.34
2019-09-14,10332.25
2019-09-15,10302.22
2019-09-16,10249.27
2019-09-17,10186.52
2019-09-18,10155.16
2019-09-19,10245.3
2019-09-20,10166.35
2019-09-21,9983.33
2019-09-22,10023.04
2019-09-23,9701.96
2019-09-24,8645.61
2019-09-25,8430.07
2019-09-26,8060.15
2019-09-27,8176.52
2019-09-28,8195.38
2019-09-29,8041.96
2019-09-30,8285.84
2019-10-01,8290.0
2019-10-02,8352.14
2019-10-03,8220.27
2019-10-04,8130.56
2019-10-05,8122.14
2019-10-06,7852.79
2019-10-07,8186.88
2019-10-08,8167.62
2019-10-09,8559.77
2019-10-10,8556.02
2019-10-11,8255.58
2019-10-12,8300.22
2019-10-13,8274.66
2019-10-14,8346.05
2019-10-15,8160.01
2019-10-16,7992.21
2019-10-17,8069.2
2019-10-18,7943.94
2019-10-19,7947.13
2019-10-20,8218.23
2019-10-21,8201.74
2019-10-22,8020.89
2019-10-23,7465.0
2019-10-24,7411.35
2019-10-25,8650.0
2019-10-26,9232.22
2019-10-27,9533.32
2019-10-28,9217.36
2019-10-29,9415.02
2019-10-30,9165.3
2019-10-31,9150.0
2019-11-01,9231.01
2019-11-02,9287.8
2019-11-03,9197.88
2019-11-04,9395.46
2019-11-05,9313.2
2019-11-06,9343.6
2019-11-07,9219.64
2019-11-08,8775.03
2019-11-09,8811.15
2019-11-10,9041.31
2019-11-11,8728.93
2019-11-12,8817.0
2019-11-13,8774.76
2019-11-14,8642.25
2019-11-15,8473.27
2019-11-16,8491.06
2019-11-17,8504.04
2019-11-18,8183.26
2019-11-19,8131.7
2019-11-20,8094.05
2019-11-21,7621.9
2019-11-22,7262.72
2019-11-23,7305.99
2019-11-24,6900.86
2019-11-25,7102.03
2019-11-26,7150.0
2019-11-27,7506.77
2019-11-28,7415.79
2019-11-29,7736.66
2019-11-30,7542.93
2019-12-01,7387.38
2019-12-02,7291.0
2019-12-03,7290.86
2019-12-04,7191.0
2019-12-05,7384.99
2019-12-06,7522.1
2019-12-07,7487.2
2019-12-08,7508.2
2019-12-09,7337.49
2019-12-10,7220.98
2019-12-11,7205.77
2019-12-12,7194.77
2019-12-13,7252.98
2019-12-14,7061.34
2019-12-15,7115.0
2019-12-16,6887.54
2019-12-17,6618.96
2019-12-18,7277.44
2019-12-19,7146.29
2019-12-20,7184.39
2019-12-21,7131.01
2019-12-22,7502.92
2019-12-23,7314.01
2019-12-24,7252.04
2019-12-25,7201.45
2019-12-26,7197.46
2019-12-27,7248.4
2019-12-28,7311.48
2019-12-29,7383.67
2019-12-30,7240.43
2019-12-31,7189.0
2020-01-01,7197.57
2020-01-02,6962.04
2020-01-03,7341.72
2020-01-04,7350.71
2020-01-05,7354.36
2020-01-06,7757.39
2020-01-07,8152.49
2020-01-08,8059.84
2020-01-09,7818.59
2020-01-10,8207.09
2020-01-11,8020.56
2020-01-12,8186.7
2020-01-13,8113.0
2020-01-14,8825.0
2020-01-15,8825.3
2020-01-16,8725.08
2020-01-17,8918.72
2020-01-18,8925.0
2020-01-19,8705.85
2020-01-20,8650.0
2020-01-21,8742.43
2020-01-22,8684.57
2020-01-23,8409.6
2020-01-24,8441.96
2020-01-25,8344.64
2020-01-26,8611.21
2020-01-27,8913.61
2020-01-28,9398.98
2020-01-29,9311.0
2020-01-30,9525.67
2020-01-31,9364.51
2020-02-01,9392.74
2020-02-02,9338.2
2020-02-03,9300.64
2020-02-04,9198.35
2020-02-05,9630.0
2020-02-06,9778.12
2020-02-07,9821.52
2020-02-08,9906.43
2020-02-09,10167.38
2020-02-10,9865.56
2020-02-11,10229.06
2020-02-12,10339.99
2020-02-13,10239.63
2020-02-14,10356.82
2020-02-15,9914.99
2020-02-16,9921.86
2020-02-17,9716.0
2020-02-18,10174.32
2020-02-19,9593.65
2020-02-20,9601.99
2020-02-21,9681.39
2020-02-22,9659.2
2020-02-23,9943.12
2020-02-24,9662.95
2020-02-25,9326.0
2020-02-26,8792.22
2020-02-27,8828.0
2020-02-28,8699.57
2020-02-29,8531.98
2020-03-01,8537.84
2020-03-02,8919.7
2020-03-03,8765.0
2020-03-04,8756.93
2020-03-05,9062.81
2020-03-06,9139.48
2020-03-07,8897.18
2020-03-08,8038.46
2020-03-09,7932.15
2020-03-10,7897.66
2020-03-11,7938.39
2020-03-12,4764.65
2020-03-13,5570.26
2020-03-14,5167.01
2020-03-15,5357.32
2020-03-16,5026.26
2020-03-17,5307.38
2020-03-18,5389.64
2020-03-19,6159.6
2020-03-20,6203.77
2020-03-21,6183.69
2020-03-22,5810.17
2020-03-23,6463.84
2020-03-24,6741.33
2020-03-25,6673.41
2020-03-26,6733.76
2020-03-27,6353.64
2020-03-28,6230.95
2020-03-29,5876.27
2020-03-30,6391.08
2020-03-31,6407.1
2020-04-01,6641.51
2020-04-02,6791.63
2020-04-03,6729.8
2020-04-04,6851.1
2020-04-05,6768.9
2020-04-06,7325.73
2020-04-07,7192.9
2020-04-08,7357.66
2020-04-09,7278.65
2020-04-10,6857.82
2020-04-11,6874.18
2020-04-12,6900.52
2020-04-13,6834.0
2020-04-14,6864.11
2020-04-15,6616.89
2020-04-16,7098.15
2020-04-17,7022.44
2020-04-18,7242.42
2020-04-19,7118.03
2020-04-20,6825.29
2020-04-21,6838.0
2020-04-22,7120.06
2020-04-23,7483.35
2020-04-24,7504.11
2020-04-25,7534.01
2020-04-26,7694.17
2020-04-27,7774.0
2020-04-28,7735.75
2020-04-29,8784.2
2020-04-30,8624.76
2020-05-01,8830.52
2020-05-02,8975.18
2020-05-03,8900.0
2020-05-04,8873.98
2020-05-05,9022.78
2020-05-06,9148.27
2020-05-07,9995.0
2020-05-08,9807.49
2020-05-09,9550.67
2020-05-10,8719.53
2020-05-11,8561.09
2020-05-12,8808.71
2020-05-13,9305.91
2020-05-14,9786.8
2020-05-15,9310.73
2020-05-16,9374.99
2020-05-17,9678.57
2020-05-18,9731.1
2020-05-19,9773.64
2020-05-20,9508.11
2020-05-21,9060.0
2020-05-22,9166.4
2020-05-23,9176.41
2020-05-24,8711.37
2020-05-25,8895.65
2020-05-26,8837.05
2020-05-27,9197.32
2020-05-28,9569.59
2020-05-29,9422.26
2020-05-30,9695.0
2020-05-31,9446.43
2020-06-01,10232.48
2020-06-02,9514.9
2020-06-03,9663.59
2020-06-04,9788.33
2020-06-05,9617.29
2020-06-06,9664.0
2020-06-07,9743.92
2020-06-08,9778.87
2020-06-09,9771.66
2020-06-10,9884.99
2020-06-11,9278.03
2020-06-12,9458.91
2020-06-13,9468.54
2020-06-14,9339.61
2020-06-15,9422.01
2020-06-16,9519.12
2020-06-17,9458.45
2020-06-18,9381.59
2020-06-19,9307.0
2020-06-20,9354.04
2020-06-21,9293.51
2020-06-22,9686.99
2020-06-23,9631.66
2020-06-24,9298.4
2020-06-25,9246.75
2020-06-26,9159.99
2020-06-27,9008.0
2020-06-28,9114.0
2020-06-29,9189.48
2020-06-30,9138.87
2020-07-01,9233.29
2020-07-02,9087.72
2020-07-03,9057.52
2020-07-04,9137.18
2020-07-05,9071.86
2020-07-06,9339.6
2020-07-07,9258.51
2020-07-08,9436.08
2020-07-09,9236.28
2020-07-10,9288.39
2020-07-11,9233.5
2020-07-12,9300.69
2020-07-13,9241.2
2020-07-14,9254.17
2020-07-15,9197.3
2020-07-16,9132.0
2020-07-17,9151.69
2020-07-18,9171.8
2020-07-19,9210.51
2020-07-20,9161.13
2020-07-21,9388.01
2020-07-22,9518.25
2020-07-23,9604.41
2020-07-24,9539.7
2020-07-25,9701.49
2020-07-26,9939.69
2020-07-27,11047.58
2020-07-28,10919.94
2020-07-29,11113.03
2020-07-30,11111.96
2020-07-31,11343.68
2020-08-01,11811.42
2020-08-02,11079.72
2020-08-03,11227.07
2020-08-04,11200.05
2020-08-05,11752.5
2020-08-06,11770.56
2020-08-07,11596.06
2020-08-08,11765.72
2020-08-09,11685.99
2020-08-10,11896.89
2020-08-11,11392.64
2020-08-12,11568.36
2020-08-13,11790.0
2020-08-14,11767.89
2020-08-15,11859.04
2020-08-16,11921.23
2020-08-17,12298.06
2020-08-18,11960.79
2020-08-19,11763.87
2020-08-20,11857.92
2020-08-21,11538.53
2020-08-22,11670.47
2020-08-23,11654.0
2020-08-24,11753.3
2020-08-25,11327.17
2020-08-26,11466.22
2020-08-27,11335.53
2020-08-28,11526.85
2020-08-29,11466.66
2020-08-30,11714.14
2020-08-31,11658.11
2020-09-01,11930.18
2020-09-02,11396.96
2020-09-03,10141.08
2020-09-04,10448.0
2020-09-05,10168.71
2020-09-06,10258.13
2020-09-07,10378.76
2020-09-08,10129.02
2020-09-09,10219.29
2020-09-10,10335.91
2020-09-11,10387.81
2020-09-12,10438.28
2020-09-13,10327.72
2020-09-14,10664.1
2020-09-15,10776.78
2020-09-16,10948.17
2020-09-17,10935.33
2020-09-18,10926.29
2020-09-19,11073.74
2020-09-20,10914.28
2020-09-21,10414.73
2020-09-22,10523.32
2020-09-23,10237.91
2020-09-24,10724.92
2020-09-25,10683.51
2020-09-26,10726.5
2020-09-27,10768.0
2020-09-28,10691.45
2020-09-29,10836.98
2020-09-30,10773.0
2020-10-01,10612.63
2020-10-02,10565.15
2020-10-03,10537.96
2020-10-04,10660.16
2020-10-05,10785.0
2020-10-06,10593.65
2020-10-07,10658.75
2020-10-08,10919.45
2020-10-09,11050.47
2020-10-10,11294.79
2020-10-11,11369.59
2020-10-12,11530.36
2020-10-13,11419.36
2020-10-14,11417.13
2020-10-15,11502.0
2020-10-16,11318.92
2020-10-17,11356.25
2020-10-18,11501.1
2020-10-19,11745.0
2020-10-20,11900.03
2020-10-21,12796.07
2020-10-22,12968.87
2020-10-23,12925.82
2020-10-24,13110.88
2020-10-25,13023.81
2020-10-26,13047.24
2020-10-27,13629.38
2020-10-28,13256.17
2020-10-29,13446.65
2020-10-30,13549.12
2020-10-31,13783.73
2020-11-01,13752.86
2020-11-02,13540.54
2020-11-03,14016.55
2020-11-04,14134.31
2020-11-05,15598.75
2020-11-06,15590.96
2020-11-07,14824.34
2020-11-08,15473.2
2020-11-09,15328.72
2020-11-10,15294.68
2020-11-11,15690.24
2020-11-12,16289.02
2020-11-13,16320.54
2020-11-14,16064.51
2020-11-15,15952.27
2020-11-16,16707.07
2020-11-17,17670.01
2020-11-18,17788.32
2020-11-19,17811.68
2020-11-20,18664.31
2020-11-21,18721.99
2020-11-22,18435.2
2020-11-23,18382.07
2020-11-24,19179.64
2020-11-25,18741.67
2020-11-26,17155.34
2020-11-27,17144.1
2020-11-28,17717.74
2020-11-29,18181.09
2020-11-30,19720.0
2020-12-01,18772.7
2020-12-02,19207.01
2020-12-03,19434.3
2020-12-04,18664.2
2020-12-05,19147.62
2020-12-06,19375.02
2020-12-07,19172.88
2020-12-08,18319.32
2020-12-09,18537.98
2020-12-10,18253.51
2020-12-11,18031.47
2020-12-12,18800.0
2020-12-13,19175.07
2020-12-14,19270.7
2020-12-15,19424.91
2020-12-16,21346.8
2020-12-17,22816.99
2020-12-18,23124.35
2020-12-19,23847.28
2020-12-20,23472.96
2020-12-21,22730.1
2020-12-22,23826.99
2020-12-23,23238.27
2020-12-24,23737.44
2020-12-25,24730.0
2020-12-26,26508.83
2020-12-27,26305.64
2020-12-28,27102.66
2020-12-29,27402.83
2020-12-30,28906.99
2020-12-31,28951.68
2021-01-01,29337.16
2021-01-02,32199.91
2021-01-03,33054.53
2021-01-04,32031.07
2021-01-05,33999.52
2021-01-06,36823.68
2021-01-07,39498.92
2021-01-08,40637.23
2021-01-09,40136.04
2021-01-10,38221.67
2021-01-11,35408.46
2021-01-12,34056.9
2021-01-13,37421.07
2021-01-14,39163.31
2021-01-15,36755.24
2021-01-16,36025.66
2021-01-17,35869.83
2021-01-18,36686.86
2021-01-19,35891.03
2021-01-20,35500.0
2021-01-21,30879.97
2021-01-22,32986.34
2021-01-23,32086.48
2021-01-24,32275.63
2021-01-25,32253.68
2021-01-26,32474.14
2021-01-27,30381.04
2021-01-28,33399.75
2021-01-29,34269.35
2021-01-30,34289.85
2021-01-31,33126.21
2021-02-01,33546.09
2021-02-02,35504.06
2021-02-03,37652.51
2021-02-04,36976.93
2021-02-05,38362.65
2021-02-06,39249.54
2021-02-07,38849.25
2021-02-08,46451.32
2021-02-09,46492.54
2021-02-10,44850.0
2021-02-11,48060.21
2021-02-12,47361.03
2021-02-13,47221.62
2021-02-14,48655.21
2021-02-15,47981.58
2021-02-16,49197.94
2021-02-17,52194.62
2021-02-18,51619.7
2021-02-19,56004.1
2021-02-20,55917.41
2021-02-21,57487.43
2021-02-22,54121.1
2021-02-23,48930.0
2021-02-24,49702.03
2021-02-25,47089.37
2021-02-26,46313.13
2021-02-27,46102.63
2021-02-28,45163.36
2021-03-01,49592.7
2021-03-02,48450.57
2021-03-03,50373.75
2021-03-04,48385.77
2021-03-05,48770.57
2021-03-06,48908.21
2021-03-07,50995.27
2021-03-08,52429.43
2021-03-09,54917.78
2021-03-10,55947.98
2021-03-11,57844.52
2021-03-12,57291.03
2021-03-13,61267.41
2021-03-14,59037.12
2021-03-15,55646.61
2021-03-16,56954.19
2021-03-17,58959.0
2021-03-18,57700.01
2021-03-19,58089.11
2021-03-20,58145.61
2021-03-21,57415.18
2021-03-22,54129.56
2021-03-23,54400.0
2021-03-24,52311.54
2021-03-25,51325.21
2021-03-26,55030.0
2021-03-27,55828.0
2021-03-28,55805.08
2021-03-29,57677.64
2021-03-30,58794.16
2021-03-31,58807.24
2021-04-01,58794.01
2021-04-02,59031.36
2021-04-03,57134.65
2021-04-04,58234.61
2021-04-05,59243.39
2021-04-06,58059.99
2021-04-07,56018.18
2021-04-08,58122.26
2021-04-09,58176.03
2021-04-10,59832.43
2021-04-11,60090.2
2021-04-12,59911.18
2021-04-13,63649.71
2021-04-14,63019.1
2021-04-15,63232.55
2021-04-16,61424.67
2021-04-17,60090.14
2021-04-18,56140.05
2021-04-19,55634.39
2021-04-20,56410.56
2021-04-21,53800.0
2021-04-22,51714.61
2021-04-23,51122.62
2021-04-24,50092.4
2021-04-25,49063.94
2021-04-26,53984.33
2021-04-27,55006.25
2021-04-28,54861.77
2021-04-29,53558.8
2021-04-30,57684.16
2021-05-01,57836.34
2021-05-02,56630.33
2021-05-03,57214.83
2021-05-04,53263.32
2021-05-05,57497.77
2021-05-06,56435.35
2021-05-07,57350.88
2021-05-08,58924.98
2021-05-09,58292.53
2021-05-10,55869.67
2021-05-11,56710.43
2021-05-12,49595.76
2021-05-13,49707.9
2021-05-14,49873.27
2021-05-15,46793.41
2021-05-16,46429.28
2021-05-17,43566.18
2021-05-18,42882.53
2021-05-19,36689.14
2021-05-20,40500.3
2021-05-21,37211.02
2021-05-22,37432.58
2021-05-23,34651.6
2021-05-24,38779.66
2021-05-25,38326.84
2021-05-26,39224.2
2021-05-27,38527.38
2021-05-28,35670.99
2021-05-29,34611.94
2021-05-30,35651.81
2021-05-31,37243.38
2021-06-01,36693.41
2021-06-02,37569.99
2021-06-03,39247.4
2021-06-04,36828.03
2021-06-05,35498.62
2021-06-06,35801.71
2021-06-07,33550.96
2021-06-08,33372.58
2021-06-09,37368.45
2021-06-10,36669.66
2021-06-11,37300.42
2021-06-12,35537.05
2021-06-13,38993.65
2021-06-14,40489.1
2021-06-15,40132.86
2021-06-16,38344.97
2021-06-17,38060.71
2021-06-18,35811.41
2021-06-19,35483.0
2021-06-20,35588.64
2021-06-21,31606.0
2021-06-22,32496.0
2021-06-23,33649.0
2021-06-24,34644.64
2021-06-25,31568.07
2021-06-26,32255.56
2021-06-27,34687.71
2021-06-28,34487.22
2021-06-29,35911.26
2021-06-30,35031.39
2021-07-01,33489.96
2021-07-02,33760.94
2021-07-03,34652.94
2021-07-04,35280.16
2021-07-05,33672.72
2021-07-06,34206.01
2021-07-07,33845.64
2021-07-08,32852.04
2021-07-09,33805.01
2021-07-10,33497.98
2021-07-11,34253.81
2021-07-12,33070.87
2021-07-13,32709.09
2021-07-14,32803.01
2021-07-15,31866.43
2021-07-16,31382.95
2021-07-17,31496.65
2021-07-18,31767.0
2021-07-19,30823.62
2021-07-20,29775.9
2021-07-21,32120.0
2021-07-22,32268.11
2021-07-23,33634.46
2021-07-24,34230.0
2021-07-25,35370.66
2021-07-26,37218.09
2021-07-27,39442.33
2021-07-28,40003.08
2021-07-29,40012.9
2021-07-30,42203.25
2021-07-31,41448.11
2021-08-01,39846.78
2021-08-02,39147.48
2021-08-03,38203.26
2021-08-04,39731.31
2021-08-05,40882.4
2021-08-06,42825.43
2021-08-07,44601.11
2021-08-08,43787.71
2021-08-09,46259.7
2021-08-10,45589.99
2021-08-11,45522.12
2021-08-12,44385.09
2021-08-13,47792.52
2021-08-14,47083.74
2021-08-15,47006.02
2021-08-16,45926.23
2021-08-17,44704.84
2021-08-18,44714.09
2021-08-19,46772.0
2021-08-20,49332.74
2021-08-21,48848.29
2021-08-22,49273.28
2021-08-23,49523.91
2021-08-24,47719.36
2021-08-25,48992.65
2021-08-26,46853.06
2021-08-27,49083.98
2021-08-28,48931.99
2021-08-29,48795.41
2021-08-30,47024.7
2021-08-31,47150.32
2021-09-01,48842.94
2021-09-02,49299.14
2021-09-03,50027.08
2021-09-04,49940.74
2021-09-05,51799.57
2021-09-06,52683.97
2021-09-07,46864.39
2021-09-08,46062.29
2021-09-09,46413.88
2021-09-10,44860.83
2021-09-11,45193.78
2021-09-12,46046.73
2021-09-13,44975.96
2021-09-14,47087.18
2021-09-15,48106.12
2021-09-16,47745.55
2021-09-17,47303.11
2021-09-18,48285.15
2021-09-19,47256.91
2021-09-20,43026.6
2021-09-21,40726.1
2021-09-22,43520.0
2021-09-23,44828.29
2021-09-24,42798.49
2021-09-25,42651.58
2021-09-26,43150.0
2021-09-27,42122.69
2021-09-28,41006.32
2021-09-29,41499.71
2021-09-30,43796.57
2021-10-01,48123.94
2021-10-02,47626.61
2021-10-03,48187.3
2021-10-04,49198.22
2021-10-05,51455.12
2021-10-06,55321.6
2021-10-07,53814.99
2021-10-08,53975.0
2021-10-09,54960.77
2021-10-10,54700.0
2021-10-11,57500.01
2021-10-12,56011.84
2021-10-13,57393.65
2021-10-14,57378.19
2021-10-15,61702.33
2021-10-16,60925.56
2021-10-17,61571.45
2021-10-18,62037.92
2021-10-19,64316.7
2021-10-20,66064.24
2021-10-21,62260.33
2021-10-22,60734.27
2021-10-23,61325.11
2021-10-24,60902.82
2021-10-25,63127.04
2021-10-26,60358.75
2021-10-27,58449.36
2021-10-28,60622.03
2021-10-29,62308.22
2021-10-30,61895.19
2021-10-31,61348.61
2021-11-01,60942.87
2021-11-02,63266.69
2021-11-03,62946.45
2021-11-04,61431.86
2021-11-05,61006.0
2021-11-06,61511.3
2021-11-07,63316.4
2021-11-08,67606.96
2021-11-09,67009.98
2021-11-10,64920.13
2021-11-11,64831.3
2021-11-12,64156.08
2021-11-13,64427.0
2021-11-14,65568.39
2021-11-15,63654.49
2021-11-16,60106.03
2021-11-17,60366.96
2021-11-18,56921.05
2021-11-19,58069.51
2021-11-20,59716.29
2021-11-21,58661.39
2021-11-22,56268.31
2021-11-23,57574.23
2021-11-24,57165.08
2021-11-25,58988.21
2021-11-26,53755.65
2021-11-27,54738.77
2021-11-28,57315.73
2021-11-29,57827.98
2021-11-30,56975.0
2021-12-01,57209.29
2021-12-02,56513.57
2021-12-03,53612.0
2021-12-04,49135.66
2021-12-05,49376.6
2021-12-06,50424.72
2021-12-07,50577.2
2021-12-08,50455.61
2021-12-09,47539.76
2021-12-10,47136.35
2021-12-11,49381.15
2021-12-12,50057.01
2021-12-13,46679.93
2021-12-14,48324.04
2021-12-15,48870.48
2021-12-16,47624.5
2021-12-17,46125.33
2021-12-18,46815.99
2021-12-19,46668.63
2021-12-20,46898.14
2021-12-21,48875.15
2021-12-22,48569.69
2021-12-23,50817.92
2021-12-24,50808.55
2021-12-25,50403.64
2021-12-26,50765.73
2021-12-27,50707.72
2021-12-28,47522.03
2021-12-29,46436.54
2021-12-30,47095.02
2021-12-31,46210.56
2022-01-01,47704.35
2022-01-02,47280.0
2022-01-03,46445.81
2022-01-04,45833.42
2022-01-05,43421.69
2022-01-06,43080.01
2022-01-07,41553.86
2022-01-08,41688.05
2022-01-09,41851.22
2022-01-10,41801.55
2022-01-11,42700.68
2022-01-12,43880.72
2022-01-13,42534.32
2022-01-14,43042.4
2022-01-15,43070.51
2022-01-16,43060.66
2022-01-17,42176.34
2022-01-18,42337.58
2022-01-19,41657.89
2022-01-20,40661.69
2022-01-21,36425.98
2022-01-22,35043.73
2022-01-23,36230.01
2022-01-24,36648.31
2022-01-25,36934.26
2022-01-26,36787.43
2022-01-27,37131.0
2022-01-28,37696.21
2022-01-29,38150.01
2022-01-30,37870.01
2022-01-31,38439.04
2022-02-01,38680.51
2022-02-02,36892.03
2022-02-03,37289.86
2022-02-04,41550.0
2022-02-05,41374.69
2022-02-06,42361.35
2022-02-07,43829.99
2022-02-08,44021.57
2022-02-09,44358.08
2022-02-10,43471.29
2022-02-11,42366.0
2022-02-12,42199.87
2022-02-13,42041.13
2022-02-14,42525.14
2022-02-15,44529.6
2022-02-16,43860.7
2022-02-17,40491.7
2022-02-18,39966.8
2022-02-19,40052.6
2022-02-20,38368.1
2022-02-21,36986.4
2022-02-22,38212.0
2022-02-23,37227.8
2022-02-24,38315.1
2022-02-25,39205.4
2022-02-26,39099.3
2022-02-27,37672.0
2022-02-28,43155.0
2022-03-01,44394.1
2022-03-02,43885.7
2022-03-03,42449.5
2022-03-04,39127.7
2022-03-05,39375.1
2022-03-06,38401.1
2022-03-07,37963.8
2022-03-08,38709.9
2022-03-09,41937.5
2022-03-10,39407.2
2022-03-11,38713.0
2022-03-12,38792.6
2022-03-13,37743.7
2022-03-14,39653.8
2022-03-15,39271.0
2022-03-16,41105.8
2022-03-17,40898.1
2022-03-18,41751.5
2022-03-19,42188.2
2022-03-20,41261.0
2022-03-21,40982.0
2022-03-22,42349.8
2022-03-23,42867.9
2022-03-24,43973.4
2022-03-25,44290.6
2022-03-26,44489.2
2022-03-27,46820.8
2022-03-28,47121.9
2022-03-29,47418.5
2022-03-30,47053.2
2022-03-31,45506.0
2022-04-01,46266.2
2022-04-02,45794.6
2022-04-03,46392.4
2022-04-04,46580.9
2022-04-05,45477.4
2022-04-06,43159.7
2022-04-07,43417.1
2022-04-08,42229.2
2022-04-09,42727.7
2022-04-10,42140.4
2022-04-11,39505.6
2022-04-12,40060.7
2022-04-13,41129.8
2022-04-14,39915.9
2022-04-15,40529.5
2022-04-16,40361.0
2022-04-17,39649.1
2022-04-18,40785.6
2022-04-19,41472.9
2022-04-20,41327.7
2022-04-21,40449.8
2022-04-22,39674.2
2022-04-23,39415.1
2022-04-24,39433.4
2022-04-25,40411.0
2022-04-26,38093.7
2022-04-27,39209.0
2022-04-28,39732.5
2022-04-29,38572.2
2022-04-30,37614.5
2022-05-01,38440.5
2022-05-02,38525.6
2022-05-03,37712.9
2022-05-04,39684.0
2022-05-05,36534.7
2022-05-06,35995.3
2022-05-07,35466.7
2022-05-08,34032.0
2022-05-09,30056.6
2022-05-10,31002.1
2022-05-11,29074.7
2022-05-12,29020.7
2022-05-13,29274.3
2022-05-14,30079.8
2022-05-15,31324.4
2022-05-16,29866.7
2022-05-17,30437.0
2022-05-18,28700.6
2022-05-19,30319.9
2022-05-20,29188.9
2022-05-21,29427.4
2022-05-22,30284.0
2022-05-23,29097.7
2022-05-24,29643.1
2022-05-25,29536.7
2022-05-26,29194.0
2022-05-27,28623.2
2022-05-28,29018.8
2022-05-29,29452.8
2022-05-30,31726.5
2022-05-31,31797.8
2022-06-01,29796.9
2022-06-02,30437.1
2022-06-03,29682.8
2022-06-04,29848.4
2022-06-05,29909.9
2022-06-06,31361.2
2022-06-07,31118.1
2022-06-08,30192.5
2022-06-09,30093.3
2022-06-10,29077.7
2022-06-11,28416.7
2022-06-12,26564.7
2022-06-13,22471.5
2022-06-14,22122.7
2022-06-15,22567.5
2022-06-16,20387.4
2022-06-17,20457.3
2022-06-18,18959.7
2022-06-19,20564.2
2022-06-20,20570.1
2022-06-21,20713.1
2022-06-22,19977.4
2022-06-23,21096.6
2022-06-24,21231.2
2022-06-25,21481.9
2022-06-26,21029.1
2022-06-27,20730.0
2022-06-28,20268.6
2022-06-29,20109.9
2022-06-30,19923.5
2022-07-01,19272.0
2022-07-02,19240.9
2022-07-03,19305.9
2022-07-04,20226.6
2022-07-05,20170.0
2022-07-06,20554.1
2022-07-07,21613.4
2022-07-08,21587.9
2022-07-09,21580.0
2022-07-10,20853.8
2022-07-11,19954.3
2022-07-12,19322.9
2022-07-13,20220.1
2022-07-14,20578.6
2022-07-15,20823.1
2022-07-16,21183.5
2022-07-17,20794.4
2022-07-18,22423.9
2022-07-19,23385.9
2022-07-20,23221.5
2022-07-21,23144.5
2022-07-22,22675.1
2022-07-23,22440.2
2022-07-24,22570.6
2022-07-25,21300.0
2022-07-26,21241.0
2022-07-27,22941.1
2022-07-28,23836.2
2022-07-29,23771.1
2022-07-30,23629.9
2022-07-31,23290.1
2022-08-01,23257.6
2022-08-02,22975.1
2022-08-03,22801.5
2022-08-04,22608.9
2022-08-05,23298.1
2022-08-06,22943.3
2022-08-07,23167.8
2022-08-08,23804.4
2022-08-09,23140.2
2022-08-10,23940.9
2022-08-11,23917.2
2022-08-12,24387.5
2022-08-13,24429.0
2022-08-14,24294.1
2022-08-15,24085.2
2022-08-16,23843.0
2022-08-17,23333.1
2022-08-18,23185.1
2022-08-19,20824.9
2022-08-20,21127.8
2022-08-21,21505.6
2022-08-22,21387.0
2022-08-23,21518.2
2022-08-24,21354.9
2022-08-25,21548.3
2022-08-26,20228.7
2022-08-27,20023.9
2022-08-28,19547.5
2022-08-29,20275.5
2022-08-30,19803.1
2022-08-31,20041.5
2022-09-01,20122.5
2022-09-02,19941.0
2022-09-03,19820.7
2022-09-04,19992.7
2022-09-05,19784.9
2022-09-06,18781.5
2022-09-07,19287.0
2022-09-08,19309.3
2022-09-09,21352.0
2022-09-10,21639.5
2022-09-11,21820.3
2022-09-12,22386.0
2022-09-13,20162.5
2022-09-14,20217.0
2022-09-15,19690.8
2022-09-16,19792.5
2022-09-17,20102.0
2022-09-18,19404.5
2022-09-19,19528.6
2022-09-20,18866.8
2022-09-21,18447.5
2022-09-22,19392.5
2022-09-23,19280.7
2022-09-24,18911.0
2022-09-25,18799.7
2022-09-26,19216.3
2022-09-27,19070.1
2022-09-28,19407.3
2022-09-29,19582.5
2022-09-30,19411.7
2022-10-01,19304.0
2022-10-02,19049.4
2022-10-03,19622.0
2022-10-04,20333.0
2022-10-05,20150.0
2022-10-06,19954.0
2022-10-07,19520.9
2022-10-08,19406.2
2022-10-09,19430.0
2022-10-10,19124.0
2022-10-11,19055.0
2022-10-12,19148.0
2022-10-13,19365.5
2022-10-14,19164.6
2022-10-15,19060.4
2022-10-16,19251.9
2022-10-17,19540.6
2022-10-18,19320.9
2022-10-19,19116.7
2022-10-20,19034.7
2022-10-21,19150.9
2022-10-22,19195.1
2022-10-23,19560.7
2022-10-24,19318.1
2022-10-25,20068.3
2022-10-26,20758.3
2022-10-27,20285.5
2022-10-28,20582.8
2022-10-29,20796.7
2022-10-30,20615.6
2022-10-31,20482.0
2022-11-01,20472.1
2022-11-02,20140.1
2022-11-03,20199.7
2022-11-04,21137.6
2022-11-05,21289.9
2022-11-06,20900.0
2022-11-07,20578.6
2022-11-08,18534.0
2022-11-09,15905.0
2022-11-10,17588.0
2022-11-11,17058.3
2022-11-12,16806.9
2022-11-13,16321.2
2022-11-14,16605.2
2022-11-15,16888.3
2022-11-16,16650.6
2022-11-17,16682.1
2022-11-18,16689.7
2022-11-19,16692.9
2022-11-20,16272.6
2022-11-21,15773.0
2022-11-22,16220.6
2022-11-23,16595.8
2022-11-24,16592.4
2022-11-25,16516.1
2022-11-26,16449.2
2022-11-27,16422.6
2022-11-28,16204.5
2022-11-29,16433.2
2022-11-30,17153.3
2022-12-01,16970.5
2022-12-02,17083.0
2022-12-03,16879.5
2022-12-04,17099.5
2022-12-05,16958.3
2022-12-06,17078.6
2022-12-07,16828.0
2022-12-08,17216.0
2022-12-09,17122.0
2022-12-10,17120.0
2022-12-11,17077.3
2022-12-12,17200.0
2022-12-13,17777.1
2022-12-14,17803.9
2022-12-15,17351.8
2022-12-16,16624.1
2022-12-17,16768.0
2022-12-18,16730.3
2022-12-19,16429.2
2022-12-20,16887.2
2022-12-21,16819.6
2022-12-22,16815.5
2022-12-23,16776.4
2022-12-24,16828.9
2022-12-25,16824.4
2022-12-26,16912.9
2022-12-27,16698.2
2022-12-28,16539.0
2022-12-29,16630.3
2022-12-30,16601.2
2022-12-31,16537.6
2023-01-01,16610.3
2023-01-02,16666.0
2023-01-03,16667.2
2023-01-04,16842.1
2023-01-05,16823.8
2023-01-06,16943.8
2023-01-07,16936.5
2023-01-08,17124.7
2023-01-09,17169.7
2023-01-10,17428.8
2023-01-11,17935.7
2023-01-12,18838.0
2023-01-13,19924.2
2023-01-14,20962.8
2023-01-15,20882.7
2023-01-16,21188.3
2023-01-17,21130.9
2023-01-18,20680.0
2023-01-19,21068.3
2023-01-20,22661.1
2023-01-21,22781.9
2023-01-22,22704.6
2023-01-23,22913.1
2023-01-24,22627.4
2023-01-25,23060.6
2023-01-26,23001.9
2023-01-27,23068.0
2023-01-28,23015.9
2023-01-29,23740.3
2023-01-30,22819.9
2023-01-31,23119.4
2023-02-01,23730.0
2023-02-02,23493.1
2023-02-03,23424.7
2023-02-04,23322.6
2023-02-05,22929.2
2023-02-06,22757.7
2023-02-07,23234.1
2023-02-08,22955.9
2023-02-09,21793.4
2023-02-10,21618.6
2023-02-11,21851.3
2023-02-12,21771.1
2023-02-13,21766.2
2023-02-14,22187.4
2023-02-15,24332.6
2023-02-16,23526.6
2023-02-17,24581.5
2023-02-18,24636.9
2023-02-19,24265.9
2023-02-20,24849.9
2023-02-21,24443.4
2023-02-22,24171.3
2023-02-23,23928.8
2023-02-24,23175.6
2023-02-25,23146.2
2023-02-26,23545.3
2023-02-27,23480.0
2023-02-28,23129.6
2023-03-01,23619.8
2023-03-02,23457.1
2023-03-03,22342.8
2023-03-04,22335.7
2023-03-05,22419.4
2023-03-06,22397.1
2023-03-07,22187.1
2023-03-08,21695.4
2023-03-09,20348.3
2023-03-10,20140.3
2023-03-11,20447.3
2023-03-12,21986.2
2023-03-13,24119.5
2023-03-14,24682.5
2023-03-15,24288.0
2023-03-16,24990.4
2023-03-17,27384.0
2023-03-18,26907.0
2023-03-19,27955.7
2023-03-20,27704.1
2023-03-21,28091.1
2023-03-22,27233.8
2023-03-23,28284.1
2023-03-24,27438.9
2023-03-25,27447.3
2023-03-26,27954.3
2023-03-27,27112.0
2023-03-28,27249.7
2023-03-29,28338.5
2023-03-30,28015.0
2023-03-31,28454.9
2023-04-01,28443.8
2023-04-02,28161.2
2023-04-03,27786.1
2023-04-04,28155.2
2023-04-05,28154.0
2023-04-06,28022.8
2023-04-07,27890.7
2023-04-08,27924.9
2023-04-09,28309.4
2023-04-10,29623.1
2023-04-11,30185.1
2023-04-12,29875.0
2023-04-13,30362.7
2023-04-14,30453.1
2023-04-15,30280.4
2023-04-16,30286.6
2023-04-17,29420.0
2023-04-18,30365.8
2023-04-19,28795.1
2023-04-20,28229.9
2023-04-21,27252.5
2023-04-22,27807.2
2023-04-23,27576.0
2023-04-24,27497.5
2023-04-25,28286.7
2023-04-26,28395.9
2023-04-27,29459.0
2023-04-28,29300.0
2023-04-29,29212.7
2023-04-30,29223.0
2023-05-01,28054.4
2023-05-02,28656.5
2023-05-03,29018.4
2023-05-04,28826.0
2023-05-05,29491.5
2023-05-06,28837.8
2023-05-07,28419.4
2023-05-08,27659.8
2023-05-09,27610.2
2023-05-10,27582.9
2023-05-11,26956.4
2023-05-12,26785.1
2023-05-13,26762.7
2023-05-14,26901.9
2023-05-15,27152.5
2023-05-16,27024.8
2023-05-17,27395.8
2023-05-18,26809.3
2023-05-19,26870.1
2023-05-20,27089.5
2023-05-21,26732.8
2023-05-22,26840.2
2023-05-23,27209.9
2023-05-24,26313.8
2023-05-25,26461.8
2023-05-26,26689.9
2023-05-27,26841.6
2023-05-28,28055.7
2023-05-29,27722.0
2023-05-30,27680.1
2023-05-31,27201.1
2023-06-01,26805.3
2023-06-02,27227.8
2023-06-03,27054.9
2023-06-04,27102.4
2023-06-05,25714.7
2023-06-06,27221.5
2023-06-07,26325.9
2023-06-08,26485.9
2023-06-09,26468.1
2023-06-10,25826.6
2023-06-11,25909.9
2023-06-12,25894.8
2023-06-13,25918.0
2023-06-14,25115.9
2023-06-15,25586.1
2023-06-16,26336.0
2023-06-17,26508.9
2023-06-18,26329.7
2023-06-19,26828.5
2023-06-20,28290.6
2023-06-21,29988.5
2023-06-22,29875.0
2023-06-23,30673.4
2023-06-24,30524.2
2023-06-25,30458.0
2023-06-26,30260.1
2023-06-27,30683.2
2023-06-28,30066.3
2023-06-29,30439.9
2023-06-30,30460.2
2023-07-01,30573.6
2023-07-02,30612.7
2023-07-03,31149.0
2023-07-04,30756.1
2023-07-05,30488.4
2023-07-06,29874.4
2023-07-07,30327.9
2023-07-08,30269.3
2023-07-09,30147.8
2023-07-10,30396.9
2023-07-11,30608.4
2023-07-12,30368.9
2023-07-13,31441.7
2023-07-14,30293.3
2023-07-15,30276.4
2023-07-16,30216.8
2023-07-17,30126.1
2023-07-18,29845.6
2023-07-19,29895.5
2023-07-20,29791.0
2023-07-21,29891.4
2023-07-22,29783.5
2023-07-23,30070.8
2023-07-24,29163.8
2023-07-25,29216.3
2023-07-26,29336.0
2023-07-27,29209.7
2023-07-28,29299.9
2023-07-29,29339.1
2023-07-30,29271.1
2023-07-31,29220.8
2023-08-01,29701.2
2023-08-02,29170.1
2023-08-03,29180.2
2023-08-04,29101.1
2023-08-05,29057.7
2023-08-06,29075.9
2023-08-07,29202.7
2023-08-08,29759.0
2023-08-09,29572.8
2023-08-10,29443.7
2023-08-11,29415.5
2023-08-12,29420.7
2023-08-13,29293.3
2023-08-14,29419.5
2023-08-15,29188.8
2023-08-16,28714.4
2023-08-17,26609.7
2023-08-18,26042.1
2023-08-19,26088.3
2023-08-20,26175.9
2023-08-21,26115.4
2023-08-22,26044.4
2023-08-23,26419.2
2023-08-24,26164.6
2023-08-25,26051.7
2023-08-26,26004.3
2023-08-27,26087.7
2023-08-28,26106.5
2023-08-29,27700.1
2023-08-30,27290.4
2023-08-31,25928.0
2023-09-01,25795.6
2023-09-02,25855.8
2023-09-03,25962.1
2023-09-04,25814.0
2023-09-05,25779.7
2023-09-06,25747.4
2023-09-07,26240.7
2023-09-08,25899.8
2023-09-09,25892.6
2023-09-10,25828.4
2023-09-11,25150.4
2023-09-12,25825.8
2023-09-13,26209.9
2023-09-14,26510.3
2023-09-15,26591.1
2023-09-16,26546.9
2023-09-17,26514.2
2023-09-18,26749.9
2023-09-19,27196.0
2023-09-20,27107.7
2023-09-21,26552.6
2023-09-22,26566.7
2023-09-23,26563.1
2023-09-24,26232.4
2023-09-25,26290.5
2023-09-26,26208.8
2023-09-27,26359.6
2023-09-28,27011.8
2023-09-29,26890.9
2023-09-30,26950.9
2023-10-01,27981.4
2023-10-02,27477.6
2023-10-03,27412.0
2023-10-04,27759.8
2023-10-05,27398.4
2023-10-06,27916.3
2023-10-07,27943.0
2023-10-08,27901.2
2023-10-09,27578.3
2023-10-10,27381.2
2023-10-11,26864.5
2023-10-12,26744.0
2023-10-13,26849.8
2023-10-14,26836.3
2023-10-15,27139.8
2023-10-16,28486.3
2023-10-17,28381.9
2023-10-18,28307.1
2023-10-19,28696.9
2023-10-20,29653.0
2023-10-21,29895.4
2023-10-22,29981.5
2023-10-23,33074.0
2023-10-24,33917.0
2023-10-25,34487.7
2023-10-26,34154.0
2023-10-27,33893.1
2023-10-28,34086.6
2023-10-29,34528.6
2023-10-30,34483.8
2023-10-31,34651.4
2023-11-01,35437.4
2023-11-02,34940.1
2023-11-03,34700.4
2023-11-04,35069.7
2023-11-05,35025.5
2023-11-06,35057.4
2023-11-07,35406.5
2023-11-08,35626.7
2023-11-09,36719.5
2023-11-10,37330.4
2023-11-11,37162.1
2023-11-12,37085.5
2023-11-13,36486.2
2023-11-14,35559.0
2023-11-15,37885.6
2023-11-16,36176.0
2023-11-17,36621.9
2023-11-18,36580.9
2023-11-19,37375.9
2023-11-20,37462.5
2023-11-21,35737.0
2023-11-22,37413.4
2023-11-23,37294.3
2023-11-24,37706.3
2023-11-25,37766.6
2023-11-26,37437.9
2023-11-27,37234.3
2023-11-28,37812.1
2023-11-29,37837.1
2023-11-30,37716.8
2023-12-01,38660.0
2023-12-02,39435.0
2023-12-03,39979.7
2023-12-04,41993.1
2023-12-05,44081.7
2023-12-06,43774.8
2023-12-07,43296.0
2023-12-08,44209.5
2023-12-09,43734.3
2023-12-10,43810.0
2023-12-11,41271.0
2023-12-12,41515.0
2023-12-13,42875.0
2023-12-14,43032.4
2023-12-15,41968.0
2023-12-16,42287.4
2023-12-17,41396.5
2023-12-18,42671.7
2023-12-19,42298.3
2023-12-20,43708.9
2023-12-21,43896.3
2023-12-22,43999.2
2023-12-23,43725.2
2023-12-24,43008.4
2023-12-25,43611.9
2023-12-26,42538.5
2023-12-27,43453.8
2023-12-28,42600.1
2023-12-29,42095.1
2023-12-30,42174.2
2023-12-31,42314.0
2024-01-01,44230.2
2024-01-02,44979.8
2024-01-03,42849.5
2024-01-04,44143.8
2024-01-05,44145.4
2024-01-06,43956.7
2024-01-07,43916.9
2024-01-08,46972.7
2024-01-09,46114.0
2024-01-10,46662.9
2024-01-11,46337.8
2024-01-12,42788.9
2024-01-13,42846.4
2024-01-14,41734.9
2024-01-15,42515.0
2024-01-16,43133.0
2024-01-17,42783.4
2024-01-18,41323.1
2024-01-19,41662.2
2024-01-20,41691.8
2024-01-21,41580.0
2024-01-22,39567.0
2024-01-23,39890.0
2024-01-24,40078.7
2024-01-25,39953.3
2024-01-26,41806.4
2024-01-27,42102.2
2024-01-28,42021.2
2024-01-29,43287.7
2024-01-30,42918.3
2024-01-31,42560.5
2024-02-01,43072.6
2024-02-02,43182.0
2024-02-03,42992.4
2024-02-04,42570.3
2024-02-05,42692.9
2024-02-06,43079.1
2024-02-07,44326.2
2024-02-08,45269.1
2024-02-09,47116.1
2024-02-10,47732.6
2024-02-11,48303.4
2024-02-12,49943.6
2024-02-13,49696.4
2024-02-14,51823.2
2024-02-15,51898.5
2024-02-16,52148.6
2024-02-17,51679.4
2024-02-18,52175.9
2024-02-19,51813.8
2024-02-20,52297.4
2024-02-21,51877.8
2024-02-22,51316.9
2024-02-23,50771.9
2024-02-24,51602.1
2024-02-25,51764.9
2024-02-26,54511.6
2024-02-27,57074.5
2024-02-28,62487.9
2024-02-29,61203.3
2024-03-01,62430.6
2024-03-02,62039.9
2024-03-03,63178.5
2024-03-04,68296.4
2024-03-05,63747.4
2024-03-06,66128.1
2024-03-07,66870.0
2024-03-08,68180.2
2024-03-09,68360.1
2024-03-10,69001.8
2024-03-11,72153.8
2024-03-12,71503.2
2024-03-13,73127.6
2024-03-14,71455.5
2024-03-15,69552.2
2024-03-16,65351.0
2024-03-17,68447.9
2024-03-18,67660.0
2024-03-19,61974.1
2024-03-20,67876.4
2024-03-21,65539.9
2024-03-22,63826.0
2024-03-23,64020.3
2024-03-24,67260.9
2024-03-25,69920.5
2024-03-26,70044.1
2024-03-27,69532.6
2024-03-28,70838.7
2024-03-29,69903.6
2024-03-30,69642.1
2024-03-31,71363.0
2024-04-01,69700.0
2024-04-02,65505.3
2024-04-03,65971.9
2024-04-04,68489.9
2024-04-05,67825.7
2024-04-06,68901.6
2024-04-07,69362.7
2024-04-08,71678.4
2024-04-09,69189.3
2024-04-10,70681.7
2024-04-11,70055.7
2024-04-12,67136.4
2024-04-13,63939.7
2024-04-14,65615.9
2024-04-15,63392.7
2024-04-16,63765.0
2024-04-17,61254.5
2024-04-18,63445.0
2024-04-19,63787.4
2024-04-20,64897.2
2024-04-21,64912.6
2024-04-22,66778.0
2024-04-23,66386.3
2024-04-24,64250.0
2024-04-25,64478.8
2024-04-26,63748.8
2024-04-27,63421.0
2024-04-28,63088.3
2024-04-29,63842.4
2024-04-30,60651.2
2024-05-01,58307.6
2024-05-02,59036.7
2024-05-03,62853.7
2024-05-04,63864.2
2024-05-05,63988.0
2024-05-06,63142.8
2024-05-07,62296.0
2024-05-08,61157.9
2024-05-09,63050.1
2024-05-10,60778.1
2024-05-11,60809.2
2024-05-12,61455.8
2024-05-13,62912.1
2024-05-14,61550.5
2024-05-15,66175.4
2024-05-16,65217.7
2024-05-17,66980.0
2024-05-18,66884.9
2024-05-19,66239.4
2024-05-20,71466.5
2024-05-21,70168.8
2024-05-22,69219.1
2024-05-23,67999.9
2024-05-24,68584.1
2024-05-25,69314.4
2024-05-26,68524.3
2024-05-27,69461.6
2024-05-28,68440.5
2024-05-29,67686.7
2024-05-30,68402.5
2024-05-31,67577.9
2024-06-01,67799.2
2024-06-02,67805.9
2024-06-03,68851.4
2024-06-04,70580.0
2024-06-05,71133.3
2024-06-06,70830.0
2024-06-07,69377.0
2024-06-08,69346.5
2024-06-09,69667.1
2024-06-10,69558.7
2024-06-11,67320.7
2024-06-12,68270.3
2024-06-13,66786.9
2024-06-14,66039.7
2024-06-15,66213.7
2024-06-16,66653.6
2024-06-17,66472.1
2024-06-18,65150.0
2024-06-19,64933.6
2024-06-20,64854.0
2024-06-21,64124.0
2024-06-22,64240.0
2024-06-23,63194.9
2024-06-24,60273.6
2024-06-25,61777.8
2024-06-26,60860.1
2024-06-27,61682.0
2024-06-28,60429.8
2024-06-29,60982.4
2024-06-30,62766.0
2024-07-01,62883.6
2024-07-02,62123.6
2024-07-03,60208.0
2024-07-04,57045.9
2024-07-05,56604.9
2024-07-06,58216.0
2024-07-07,55830.9
2024-07-08,56686.4
2024-07-09,58023.2
2024-07-10,57707.0
2024-07-11,57315.5
2024-07-12,57870.0
2024-07-13,59174.0
2024-07-14,60766.0
2024-07-15,64680.6
2024-07-16,65010.0
2024-07-17,64055.7
2024-07-18,63959.9
2024-07-19,66627.9
2024-07-20,67095.6
2024-07-21,68138.0
2024-07-22,67499.2
2024-07-23,65916.4
2024-07-24,65350.8
2024-07-25,65773.0
2024-07-26,67882.5
2024-07-27,67873.8
2024-07-28,68215.5
2024-07-29,66750.0
2024-07-30,66159.3
2024-07-31,64601.8
2024-08-01,65328.9
2024-08-02,61483.7
2024-08-03,60684.6
2024-08-04,58144.5
2024-08-05,54003.1
2024-08-06,55991.2
2024-08-07,55102.9
2024-08-08,61659.8
2024-08-09,60808.6
2024-08-10,60889.9
2024-08-11,58693.1
2024-08-12,59323.6
2024-08-13,60550.5
2024-08-14,58648.1
2024-08-15,57511.0
2024-08-16,58854.9
2024-08-17,59468.5
2024-08-18,58390.0
2024-08-19,59398.5
2024-08-20,58982.9
2024-08-21,61120.0
2024-08-22,60349.9
2024-08-23,64019.9
2024-08-24,64116.5
2024-08-25,64190.2
2024-08-26,62807.6
2024-08-27,59384.5
2024-08-28,59010.0
2024-08-29,59323.2
2024-08-30,59096.3
2024-08-31,58941.9
2024-09-01,57268.1
2024-09-02,59112.1
2024-09-03,57451.9
2024-09-04,57944.8
2024-09-05,56145.7
2024-09-06,53927.7
2024-09-07,54134.9
2024-09-08,54839.6
2024-09-09,57010.0
2024-09-10,57609.1
2024-09-11,57306.0
2024-09-12,58097.0
2024-09-13,60456.2
2024-09-14,59964.0
2024-09-15,59100.5
2024-09-16,58187.0
2024-09-17,60281.0
2024-09-18,61735.3
2024-09-19,62926.9
2024-09-20,63175.7
2024-09-21,63320.6
2024-09-22,63558.4
2024-09-23,63302.0
2024-09-24,64243.1
2024-09-25,63118.4
2024-09-26,65139.2
2024-09-27,65749.6
2024-09-28,65822.6
2024-09-29,65568.1
2024-09-30,63309.1
2024-10-01,60776.8
2024-10-02,60622.6
2024-10-03,60727.2
2024-10-04,62054.4
2024-10-05,62023.1
2024-10-06,62789.3
2024-10-07,62190.7
2024-10-08,62131.7
2024-10-09,60606.4
2024-10-10,60293.2
2024-10-11,62509.0
2024-10-12,63176.0
2024-10-13,62839.8
2024-10-14,66064.9
2024-10-15,67044.1
2024-10-16,67592.0
2024-10-17,67401.5
2024-10-18,68407.8
2024-10-19,68357.1
2024-10-20,69020.1
2024-10-21,67368.8
2024-10-22,67406.4
2024-10-23,66647.2
2024-10-24,68173.8
2024-10-25,66662.8
2024-10-26,67071.8
2024-10-27,67992.6
2024-10-28,69940.0
2024-10-29,72739.5
2024-10-30,72349.0
2024-10-31,70321.9
2024-11-01,69495.5
2024-11-02,69366.6
2024-11-03,68762.5
2024-11-04,67834.3
2024-11-05,69353.1
2024-11-06,75579.9
2024-11-07,75859.4
2024-11-08,76482.2
2024-11-09,76675.1
2024-11-10,80410.0
2024-11-11,88728.9
2024-11-12,87972.0
2024-11-13,90413.3
2024-11-14,87382.7
2024-11-15,91074.6
2024-11-16,90643.3
2024-11-17,89899.9
2024-11-18,90507.4
2024-11-19,92335.9
2024-11-20,94288.0
2024-11-21,98366.8
2024-11-22,98921.4
2024-11-23,97725.5
2024-11-24,97960.4
2024-11-25,93064.0
2024-11-26,92021.4
2024-11-27,95905.2
2024-11-28,95694.4
2024-11-29,97516.3
2024-11-30,96475.1
2024-12-01,97265.1
2024-12-02,95890.5
2024-12-03,95913.3
2024-12-04,98669.8
2024-12-05,97001.5
2024-12-06,99802.5
2024-12-07,99899.2
2024-12-08,101200.0
2024-12-09,97349.1
2024-12-10,96602.4
2024-12-11,101115.3
2024-12-12,99982.4
2024-12-13,101371.9
2024-12-14,101381.0
2024-12-15,104460.4
2024-12-16,106023.2
2024-12-17,106074.6
2024-12-18,100181.1
2024-12-19,97434.4
2024-12-20,97764.4
2024-12-21,97261.8
2024-12-22,95153.5
2024-12-23,94861.1
2024-12-24,98627.2
2024-12-25,99379.7
2024-12-26,95751.0
2024-12-27,94258.9
2024-12-28,95259.1
2024-12-29,93700.0
2024-12-30,92759.3
2024-12-31,93548.9
2025-01-01,94580.9
2025-01-02,96967.5
2025-01-03,98145.7
2025-01-04,98173.2
2025-01-05,98340.2
2025-01-06,102180.4
2025-01-07,96920.3
2025-01-08,95014.1
2025-01-09,92505.9
2025-01-10,94675.5
2025-01-11,94562.5
2025-01-12,94499.9
2025-01-13,94485.3
2025-01-14,96514.9
2025-01-15,100460.0
2025-01-16,99937.4
2025-01-17,104042.5
2025-01-18,104524.3
2025-01-19,101311.5
2025-01-20,102247.6
2025-01-21,106114.5
2025-01-22,103664.9
2025-01-23,103864.1
2025-01-24,104808.1
2025-01-25,104702.0
2025-01-26,102560.1
2025-01-27,102021.3
2025-01-28,101279.6
2025-01-29,103698.2
2025-01-30,104676.9
2025-01-31,102379.7
2025-02-01,100603.6
2025-02-02,97664.5
2025-02-03,101293.7
2025-02-04,97709.9
2025-02-05,96553.2
2025-02-06,96515.1
2025-02-07,96454.5
2025-02-08,96411.9
2025-02-09,96423.6
2025-02-10,97379.2
2025-02-11,95731.4
2025-02-12,97816.3
2025-02-13,96560.6
2025-02-14,97445.1
2025-02-15,97538.0
2025-02-16,96067.0
2025-02-17,95743.2
2025-02-18,95622.0
2025-02-19,96598.0
2025-02-20,98252.9
2025-02-21,96127.9
2025-02-22,96503.3
2025-02-23,96218.4
2025-02-24,91514.5
2025-02-25,88639.1
2025-02-26,84208.5
2025-02-27,84668.1
2025-02-28,84299.6
2025-03-01,86007.7
2025-03-02,94222.8
2025-03-03,86192.7
2025-03-04,87245.9
2025-03-05,90566.1
2025-03-06,89887.8
2025-03-07,86753.8
2025-03-08,86184.7
2025-03-09,80688.8
2025-03-10,78567.8
2025-03-11,82896.0
2025-03-12,83640.7
2025-03-13,81085.4
2025-03-14,83939.8
2025-03-15,84302.9
2025-03-16,82541.6
2025-03-17,83962.9
2025-03-18,82666.1
2025-03-19,86809.8
2025-03-20,84183.6
2025-03-21,84050.3
2025-03-22,83804.9
2025-03-23,86044.2
2025-03-24,87463.4
2025-03-25,87369.8
2025-03-26,86873.8
2025-03-27,87191.2
2025-03-28,84380.8
2025-03-29,82604.7
2025-03-30,82352.8
2025-03-31,82517.5
2025-04-01,85120.9
2025-04-02,82485.1
2025-04-03,83181.5
2025-04-04,83861.3
2025-04-05,83506.1
2025-04-06,78390.0
2025-04-07,79140.0
2025-04-08,76297.9
2025-04-09,82588.0
2025-04-10,79560.2
2025-04-11,83378.3
2025-04-12,85237.8
2025-04-13,83713.7
2025-04-14,84553.9
2025-04-15,83608.7
2025-04-16,83990.0
2025-04-17,84915.0
2025-04-18,84421.0
2025-04-19,85046.9
2025-04-20,85138.8
2025-04-21,87466.0
2025-04-22,93404.9
2025-04-23,93632.1
2025-04-24,93931.6
2025-04-25,94591.8
2025-04-26,94575.7
2025-04-27,93697.1
2025-04-28,94969.0
2025-04-29,94200.1
2025-04-30,94125.1
2025-05-01,96423.3
2025-05-02,96831.2
2025-05-03,95803.3
2025-05-04,94230.2
2025-05-05,94696.7
2025-05-06,96798.9
2025-05-07,96988.4
2025-05-08,103228.1
2025-05-09,102941.9
2025-05-10,104788.8
2025-05-11,104072.7
2025-05-12,102739.3
2025-05-13,104082.0
2025-05-14,103458.1
2025-05-15,103714.5
2025-05-16,103412.2
2025-05-17,103079.6
2025-05-18,106407.6
2025-05-19,105531.6
2025-05-20,106800.1
2025-05-21,109609.5
2025-05-22,111662.7
2025-05-23,107271.5
2025-05-24,107698.9
2025-05-25,108955.9
2025-05-26,109386.8
2025-05-27,108889.3
2025-05-28,107723.1
2025-05-29,105539.9
2025-05-30,103950.0
2025-05-31,104544.7
2025-06-01,105583.3
2025-06-02,105814.3
2025-06-03,105330.1
2025-06-04,104641.8
2025-06-05,101458.6
2025-06-06,104240.0
2025-06-07,105507.5
2025-06-08,105676.5
2025-06-09,110227.9
2025-06-10,110235.4
2025-06-11,108538.5
